{
  "hash": "76f411a2",
  "configHash": "7313fb60",
  "lockfileHash": "a6bd5d8f",
  "browserHash": "7ce2085c",
  "optimized": {
    "@angular/common": {
      "src": "../../../../../../node_modules/@angular/common/fesm2022/common.mjs",
      "file": "@angular_common.js",
      "fileHash": "3c3c1b96",
      "needsInterop": false
    },
    "@angular/core": {
      "src": "../../../../../../node_modules/@angular/core/fesm2022/core.mjs",
      "file": "@angular_core.js",
      "fileHash": "af1d703e",
      "needsInterop": false
    },
    "@angular/platform-browser": {
      "src": "../../../../../../node_modules/@angular/platform-browser/fesm2022/platform-browser.mjs",
      "file": "@angular_platform-browser.js",
      "fileHash": "90bc1bb2",
      "needsInterop": false
    },
    "@angular/router": {
      "src": "../../../../../../node_modules/@angular/router/fesm2022/router.mjs",
      "file": "@angular_router.js",
      "fileHash": "7014a324",
      "needsInterop": false
    },
    "swiper": {
      "src": "../../../../../../node_modules/swiper/swiper.mjs",
      "file": "swiper.js",
      "fileHash": "c7a25e4c",
      "needsInterop": false
    }
  },
  "chunks": {
    "chunk-TWJNP7KJ": {
      "file": "chunk-TWJNP7KJ.js"
    },
    "chunk-BZUHYV2B": {
      "file": "chunk-BZUHYV2B.js"
    },
    "chunk-2CZA2BYL": {
      "file": "chunk-2CZA2BYL.js"
    },
    "chunk-WDMUDEB6": {
      "file": "chunk-WDMUDEB6.js"
    }
  }
}